5.151561769999999996e+01,-9.199830000000000507e-02
5.153568760000000282e+01,7.553043645175100407e-02
5.154776890000000122e+01,1.476811000000000096e-01
5.154926540000000301e+01,1.275378000000000067e-01
5.156790399999999863e+01,1.280406688875110055e-01
5.155156480000000130e+01,1.615430677884630017e-01
5.153447359999999833e+01,9.939359999999999862e-02
5.153228270000000322e+01,8.125050000000000328e-02
5.153847880000000004e+01,1.427465588051750056e-01
5.156102990000000119e+01,1.478792999999999913e-01
5.153985130000000225e+01,8.203560000000000019e-02
5.154830665000000067e+01,1.107949643068840001e-01
5.154438325000000276e+01,1.344188135330290079e-01
5.155411709999999914e+01,1.505043426199429990e-01
5.152860410000000257e+01,1.043625999999999998e-01
5.155824940000000112e+01,1.344500203703820063e-01
5.155411709999999914e+01,1.505043426199429990e-01
5.156781339999999858e+01,1.447750999999999899e-01
5.162621910000000014e+01,-1.481899000000000133e-01
5.160498750000000001e+01,-2.644503000000000270e-01
5.156298220000000043e+01,-1.972493999999999914e-01
5.159543190000000124e+01,-2.499863046322270133e-01
5.160444954999999823e+01,-1.537678748138300022e-01
5.164168130000000190e+01,-1.628235000000000099e-01
5.158721959999999740e+01,-1.648430999999999924e-01
5.161076769999999669e+01,-2.793050000000000255e-01
5.160093400000000230e+01,-1.925392999999999966e-01
5.160093400000000230e+01,-1.925392999999999966e-01
5.157183150000000182e+01,-1.955218999999999985e-01
5.161800600000000117e+01,-2.567949999999999955e-01
5.158974419999999839e+01,-2.216200000000000114e-01
5.165314930000000260e+01,-2.005406999999999884e-01
5.161544229999999800e+01,-2.330675000000000108e-01
5.163775160000000142e+01,-1.662835000000000008e-01
5.163313349999999957e+01,-2.008636000000000033e-01
5.164790349999999819e+01,-1.906876999999999878e-01
5.160884510000000347e+01,-1.946371000000000073e-01
5.157821299999999809e+01,-2.403792999999999902e-01
5.161439049999999895e+01,-1.689463097172090034e-01
5.146268740000000008e+01,1.617566000000000004e-01
5.148947350000000256e+01,1.473592999999999986e-01
5.145054079999999885e+01,1.030617000000000061e-01
5.144819069999999783e+01,1.209404000000000035e-01
5.147460569999999791e+01,1.258362000000000092e-01
5.147997480000000081e+01,1.739214000000000038e-01
5.147091580000000022e+01,1.738009000000000082e-01
5.145155840000000325e+01,1.787188000000000110e-01
5.145155840000000325e+01,1.787188000000000110e-01
5.145486470000000168e+01,1.175672816286860017e-01
5.146240869999999745e+01,1.079432000000000030e-01
5.147756129999999786e+01,1.823012999999999995e-01
5.145718949999999836e+01,9.391889999999999961e-02
5.148895639999999929e+01,1.289555375869969878e-01
5.143048540000000202e+01,8.417739999999999945e-02
5.143048540000000202e+01,8.417739999999999945e-02
5.147118640000000056e+01,1.611451000000000133e-01
5.144167929999999700e+01,1.504880000000000106e-01
5.147196600000000188e+01,1.127139999999999947e-01
5.142640020000000334e+01,1.010439999999999949e-01
5.150518540000000201e+01,1.303748783177000048e-01
5.153776789999999863e+01,-2.979241000000000250e-01
5.156200760000000116e+01,-2.655108999999999941e-01
5.154043860000000166e+01,-2.104185390739760075e-01
5.155191059999999936e+01,-2.383617024936700024e-01
5.155289379999999966e+01,-2.433605000000000074e-01
5.157703060000000050e+01,-2.760837100645360254e-01
5.153631235000000288e+01,-2.578851357012230117e-01
5.153058399999999750e+01,-2.240969453594809924e-01
5.158153049999999951e+01,-3.166249999999999898e-01
5.154686215000000260e+01,-2.042304576705689934e-01
5.155288275000000198e+01,-2.134750101191079941e-01
5.157441304999999687e+01,-3.130845872842319966e-01
5.157621550000000354e+01,-2.915108000000000144e-01
5.153382200000000068e+01,-2.056987170896109884e-01
5.159419030000000106e+01,-2.861810000000000187e-01
5.154135010000000250e+01,-2.666041313577809935e-01
5.155075099999999821e+01,-3.156202000000000174e-01
5.155028120000000058e+01,-2.745029352662110012e-01
5.156824519999999978e+01,-2.574880978976870072e-01
5.155237670000000350e+01,-2.964853000000000072e-01
5.154932875000000081e+01,-2.221836949946530138e-01
5.140173990000000259e+01,4.371219999999999967e-02
5.131662879999999660e+01,3.271670000000000134e-02
5.131662879999999660e+01,3.271670000000000134e-02
5.140280460000000318e+01,1.481419999999999959e-02
5.135661149999999964e+01,1.083284000000000052e-01
5.141157179999999727e+01,7.695449999999999513e-02
5.140867930000000285e+01,-4.042420000000000041e-02
5.142086760000000112e+01,-2.933909999999999990e-02
5.142086760000000112e+01,-2.933909999999999990e-02
5.142086760000000112e+01,-2.933909999999999990e-02
5.141936640000000125e+01,-7.113279999999999603e-02
5.133144879999999688e+01,5.338734412002599933e-02
5.133144879999999688e+01,5.338734412002599933e-02
5.137759830000000250e+01,2.593000000000000144e-04
5.137759830000000250e+01,2.593000000000000144e-04
5.137759830000000250e+01,2.593000000000000144e-04
5.138058589999999981e+01,1.063468999999999942e-01
5.138058589999999981e+01,1.063468999999999942e-01
5.139091470000000328e+01,7.712819999999999399e-02
5.141780744999999797e+01,1.938324074081109946e-02
5.140609169999999750e+01,-1.433999999999999945e-03
5.137580359999999757e+01,-1.468430000000000082e-02
5.154739260000000201e+01,-1.683004999999999918e-01
5.152312599999999776e+01,-1.260663999999999951e-01
5.152312599999999776e+01,-1.260663999999999951e-01
5.154691580000000073e+01,-1.332405173774819929e-01
5.155459574999999717e+01,-1.976224266143050134e-01
5.155459574999999717e+01,-1.976224266143050134e-01
5.155368630000000252e+01,-1.517524000000000095e-01
5.155428789999999850e+01,-1.740746999999999989e-01
5.154665359999999907e+01,-1.580193000000000014e-01
5.157443219999999684e+01,-1.526837000000000055e-01
5.151644979999999663e+01,-1.242700999999999945e-01
5.155006579999999872e+01,-1.425625000000000087e-01
5.154686215000000260e+01,-2.042304576705689934e-01
5.153204145000000125e+01,-1.236353528579099970e-01
5.152704709999999722e+01,-1.473060580116880014e-01
5.152704709999999722e+01,-1.473060580116880014e-01
5.154385179999999878e+01,-1.750178000000000011e-01
5.154675025000000232e+01,-1.907638317839099873e-01
5.137969160000000102e+01,-7.428210000000000368e-02
5.138530260000000283e+01,-6.575066301783369371e-02
5.139589469999999949e+01,-9.742670000000000496e-02
5.138339460000000258e+01,-1.083304999999999962e-01
5.131997160000000235e+01,-1.393505999999999911e-01
5.131997160000000235e+01,-1.393505999999999911e-01
5.135218054999999993e+01,-8.084033180758019854e-02
5.137223829999999936e+01,-9.548746510944890187e-02
5.135096850000000046e+01,-2.417019999999999932e-02
5.135696790000000078e+01,-5.693331249627930218e-02
5.132275239999999883e+01,-1.037853999999999999e-01
5.134263889999999719e+01,-1.754609999999999850e-02
5.141106630000000166e+01,-1.224868999999999958e-01
5.133851560000000092e+01,-1.158929999999999960e-01
5.133408370000000076e+01,-7.674350000000000616e-02
5.139225530000000219e+01,-8.857980000000000020e-02
5.134201949999999925e+01,-5.573585977814850267e-02
5.137492430000000354e+01,-4.663350000000000134e-02
5.139809509999999904e+01,-7.682160000000000377e-02
5.139887089999999858e+01,-9.960199999999999609e-02
5.141640530000000098e+01,-9.403469999999999884e-02
5.136498110000000139e+01,-1.181994999999999990e-01
5.136498110000000139e+01,-1.181994999999999990e-01
5.138707730000000140e+01,-6.533079999999999443e-02
5.150871639999999729e+01,-2.628073000000000214e-01
5.152300205000000233e+01,-3.224235643314750099e-01
5.151551870000000122e+01,-3.616409133412549770e-01
5.151498029999999773e+01,-3.004067000000000265e-01
5.151004300000000313e+01,-2.938941739694920230e-01
5.150814019999999971e+01,-2.732607000000000230e-01
5.149850570000000261e+01,-3.337213490655669967e-01
5.152802179999999765e+01,-3.540988999999999942e-01
5.152793779999999657e+01,-3.527601000000000209e-01
5.152793779999999657e+01,-3.527601000000000209e-01
5.151951729999999685e+01,-3.461952999999999836e-01
5.151471120000000070e+01,-3.755200000000000204e-01
5.150821930000000037e+01,-3.187368096190970057e-01
5.155511820000000256e+01,-3.367210999999999954e-01
5.154823604999999986e+01,-3.687580784125359945e-01
5.154659370000000251e+01,-3.695649999999999769e-01
5.149660579999999754e+01,-3.693772000000000166e-01
5.153647474999999645e+01,-3.225274910286000107e-01
5.149975069999999988e+01,-2.698756333479260250e-01
5.150992200000000310e+01,-3.762820000000000054e-01
5.151114609999999772e+01,-3.755168999999999868e-01
5.150251310000000160e+01,-2.638831999999999844e-01
5.150602039999999704e+01,-3.049014999999999920e-01
5.161232660000000294e+01,-1.000294999999999934e-01
5.164184155000000231e+01,-6.950604491116789407e-02
5.165208510000000075e+01,-8.101750000000000618e-02
5.164763560000000098e+01,-1.493821999999999928e-01
5.162493099999999657e+01,-6.097480000000000261e-02
5.165702149999999904e+01,-4.709959999999999841e-02
5.167088720000000279e+01,-2.857269999999999949e-02
5.164199390000000278e+01,-9.634399999999999908e-02
5.162381510000000162e+01,-7.430739999999999568e-02
5.164511770000000013e+01,-1.114512000000000003e-01
5.163466729999999671e+01,-5.933095074304049754e-02
5.161343829999999855e+01,-3.583039999999999836e-02
5.161832400000000121e+01,-1.104923000000000016e-01
5.164435110000000151e+01,-4.037539999999999879e-02
5.164793540000000149e+01,-5.266009818549890337e-02
5.162815470000000317e+01,-1.235959999999999975e-01
5.162815470000000317e+01,-1.235959999999999975e-01
5.165217260000000010e+01,-8.151799999999999324e-02
5.167203109999999810e+01,-4.680039999999999895e-02
5.162033919999999654e+01,-6.597909999999999886e-02
5.163394050000000135e+01,-1.010029999999999956e-01
5.148762099999999720e+01,1.140503999999999962e-01
5.147756749999999926e+01,1.909889999999999852e-02
5.148260530000000301e+01,3.653590000000000310e-02
5.143047030000000319e+01,5.768140000000000073e-02
5.145559360000000027e+01,5.226920000000000177e-02
5.145559360000000027e+01,5.226920000000000177e-02
5.145559360000000027e+01,5.226920000000000177e-02
5.148739350000000314e+01,8.467940000000000189e-02
5.148208449999999914e+01,-4.541700000000000077e-03
5.148208449999999914e+01,-4.541700000000000077e-03
5.148208449999999914e+01,-4.541700000000000077e-03
5.150293119999999902e+01,3.196836806177060213e-03
5.148046349999999904e+01,9.242859999999999965e-02
5.146922550000000030e+01,6.630600000000000382e-02
5.149893349999999970e+01,1.148485999999999951e-01
5.147671114999999986e+01,5.395906713699390178e-02
5.148266960000000125e+01,6.233350000000000002e-02
5.156397355000000005e+01,-9.273432745053669657e-02
5.156437880000000007e+01,-7.168810000000000460e-02
5.156125370000000174e+01,-8.839933496395199763e-02
5.154340229999999679e+01,-6.722859999999999947e-02
5.153963044999999710e+01,-8.119760565351470671e-02
5.154709429999999770e+01,-5.718992366468859945e-02
5.154855520000000269e+01,-6.061301717192939947e-02
5.154342619999999897e+01,-2.770339999999999955e-02
5.153851840000000095e+01,-7.538110000000000643e-02
5.154705020000000104e+01,-4.292162688143710131e-02
5.153129140000000064e+01,-7.585350000000000426e-02
5.153129140000000064e+01,-7.585350000000000426e-02
5.153129140000000064e+01,-7.585350000000000426e-02
5.156214429999999993e+01,-4.582739999999999730e-02
5.154106174999999723e+01,-5.779605260543969891e-02
5.155237609999999648e+01,-7.015820000000000389e-02
5.156843070000000040e+01,-5.796300000000000063e-02
5.157443239999999918e+01,-7.664809999999999679e-02
5.155769709999999861e+01,-7.728160000000000585e-02
5.154571365000000327e+01,-7.010039896937990400e-02
5.157249149999999815e+01,-9.069900000000000184e-02
5.150180499999999739e+01,-2.158512999999999959e-01
5.150561030000000073e+01,-2.430956999999999979e-01
5.150561030000000073e+01,-2.430956999999999979e-01
5.150561030000000073e+01,-2.430956999999999979e-01
5.148006339999999881e+01,-1.959580999999999962e-01
5.148715789999999970e+01,-2.261704548799869929e-01
5.149302469999999943e+01,-2.244927999999999924e-01
5.147340659999999701e+01,-2.050368999999999942e-01
5.147340659999999701e+01,-2.050368999999999942e-01
5.148921529999999791e+01,-2.229952000000000045e-01
5.147707189999999855e+01,-2.018494999999999873e-01
5.149729920000000050e+01,-2.389597303270019901e-01
5.147254540000000134e+01,-1.871122000000000063e-01
5.150423454999999962e+01,-2.217980984255500110e-01
5.149203769999999736e+01,-2.236401000000000083e-01
5.149203769999999736e+01,-2.236401000000000083e-01
5.159422239999999960e+01,-1.308571468065840016e-01
5.160737600000000214e+01,-1.249046999999999935e-01
5.159793669999999821e+01,-7.434960000000000180e-02
5.157874019999999859e+01,-1.235992000000000063e-01
5.159099700000000155e+01,-1.534207999999999961e-01
5.157738849999999786e+01,-1.053580999999999962e-01
5.157443219999999684e+01,-1.526837000000000055e-01
5.158642329999999987e+01,-1.117023999999999934e-01
5.159103950000000083e+01,-1.420768000000000031e-01
5.159702690000000302e+01,-1.009152999999999994e-01
5.160592789999999752e+01,-6.200320000000000137e-02
5.158126395000000031e+01,-8.444369999999999654e-02
5.158009260000000040e+01,-7.232189999999999452e-02
5.157168639999999726e+01,-1.114972000000000046e-01
5.158775405000000092e+01,-7.147608181567409458e-02
5.158824359999999842e+01,-6.275780000000000247e-02
5.158680629999999923e+01,-8.984889999999999544e-02
5.160550260000000122e+01,-8.596969999999999612e-02
5.160349500000000234e+01,-1.009129653636380020e-01
5.160122499999999945e+01,-3.181008000000000169e-01
5.160763659999999931e+01,-2.946531199488490183e-01
5.161199570000000136e+01,-2.817429000000000183e-01
5.158400170000000173e+01,-3.330005999999999799e-01
5.157927020000000340e+01,-3.366561000000000137e-01
5.160478609999999833e+01,-3.404853999999999936e-01
5.160844029999999805e+01,-3.735476999999999825e-01
5.159188325000000219e+01,-3.542166517846029872e-01
5.159188325000000219e+01,-3.542166517846029872e-01
5.158466270000000264e+01,-3.134253000000000178e-01
5.158466270000000264e+01,-3.134253000000000178e-01
5.159047730000000342e+01,-3.360658999999999730e-01
5.159687120000000249e+01,-3.770142000000000215e-01
5.159687120000000249e+01,-3.770142000000000215e-01
5.159484009999999898e+01,-2.928284999999999916e-01
5.157671429999999901e+01,-3.703002000000000238e-01
5.156540650000000170e+01,-3.733966000000000229e-01
5.156009610000000265e+01,-3.528618766353999736e-01
5.161742050000000148e+01,-3.095110999999999835e-01
5.159363530000000253e+01,-3.294757999999999853e-01
5.157958519999999680e+01,-3.530692000000000275e-01
5.158122509999999750e+01,1.744790999999999981e-01
5.156148819999999944e+01,2.679096999999999729e-01
5.155095709999999798e+01,1.988708999999999893e-01
5.156863874999999808e+01,2.202980085772389962e-01
5.160020529999999894e+01,2.304724999999999968e-01
5.155910690000000329e+01,2.292850999999999917e-01
5.159282290000000160e+01,2.328387355276360093e-01
5.160897880000000271e+01,1.644517000000000062e-01
5.159735779999999750e+01,2.099430999999999936e-01
5.157107704999999953e+01,2.002628239178410041e-01
5.157107704999999953e+01,2.002628239178410041e-01
5.159203660000000013e+01,1.820026999999999895e-01
5.151672839999999809e+01,1.996558999999999973e-01
5.157604620000000040e+01,1.822645999999999988e-01
5.155792615000000012e+01,2.498128224545450027e-01
5.153254059999999726e+01,1.893092000000000108e-01
5.158373970000000241e+01,2.033291000000000126e-01
5.155874469999999832e+01,2.485770999999999953e-01
5.158793140000000221e+01,-3.930981000000000058e-01
5.150793670000000191e+01,-4.199643000000000126e-01
5.153255314999999825e+01,-4.739935620505750236e-01
5.157266795000000315e+01,-3.950043845953090105e-01
5.153354439999999670e+01,-4.154092734602760073e-01
5.157954180000000122e+01,-4.016533999999999938e-01
5.160418279999999669e+01,-4.825621999999999967e-01
5.160418279999999669e+01,-4.825621999999999967e-01
5.153256300000000323e+01,-4.532559999999999922e-01
5.156156980000000090e+01,-4.423513000000000028e-01
5.154251930000000215e+01,-4.483349474144229796e-01
5.160517130000000208e+01,-4.205811999999999884e-01
5.160015340000000350e+01,-4.084574999999999734e-01
5.149964709999999712e+01,-4.401271571743379796e-01
5.155699090000000240e+01,-3.990635000000000154e-01
5.151331400000000116e+01,-4.182161999999999824e-01
5.154495090000000346e+01,-4.816672000000000176e-01
5.154495090000000346e+01,-4.816672000000000176e-01
5.150351299999999810e+01,-4.662703999999999738e-01
5.156950470000000308e+01,-4.370447000000000082e-01
5.152723900000000157e+01,-3.992704999999999727e-01
5.151286609999999655e+01,-4.741522000000000236e-01
5.145306829999999820e+01,-4.334412999999999738e-01
5.148639579999999683e+01,-3.216623000000000121e-01
5.148639579999999683e+01,-3.216623000000000121e-01
5.149231369999999686e+01,-2.638179999999999970e-01
5.148067089999999979e+01,-4.096772000000000191e-01
5.144422320000000326e+01,-4.106589999999999963e-01
5.144422320000000326e+01,-4.106589999999999963e-01
5.143484780000000001e+01,-3.903611000000000164e-01
5.143934225000000282e+01,-3.975125804317530265e-01
5.148545730000000020e+01,-3.719561000000000117e-01
5.148545730000000020e+01,-3.719561000000000117e-01
5.148545730000000020e+01,-3.719561000000000117e-01
5.147130700000000303e+01,-3.662331999999999810e-01
5.145482369999999861e+01,-3.779526999999999748e-01
5.146861320000000006e+01,-3.613470999999999766e-01
5.147250110000000234e+01,-3.896734000000000031e-01
5.146835579999999766e+01,-3.263111000000000206e-01
5.148322180000000259e+01,-3.517985000000000140e-01
5.147679459999999807e+01,-3.121933700009710266e-01
5.149217430000000206e+01,-2.642486890284460044e-01
5.153893510000000333e+01,-1.147350000000000037e-01
5.152348715000000112e+01,-8.875709174412710345e-02
5.154332000000000136e+01,-1.176530999999999966e-01
5.154852449999999919e+01,-9.298339110991610257e-02
5.152372679999999860e+01,-1.055554999999999966e-01
5.156484199999999873e+01,-1.060892999999999975e-01
5.154579960000000227e+01,-1.027127000000000040e-01
5.154579960000000227e+01,-1.027127000000000040e-01
5.157163549999999930e+01,-1.243868999999999947e-01
5.155724529999999817e+01,-1.183706000000000064e-01
5.154634250000000151e+01,-1.016452000000000050e-01
5.154739789999999999e+01,-8.529630000000000545e-02
5.154739789999999999e+01,-8.529630000000000545e-02
5.153842869999999721e+01,-9.990509999999999668e-02
5.153842869999999721e+01,-9.990509999999999668e-02
5.155754679999999723e+01,-1.128611000000000059e-01
5.149945269999999908e+01,-1.973246999999999918e-01
5.149945269999999908e+01,-1.973246999999999918e-01
5.150438599999999667e+01,-1.990648999999999891e-01
5.148754170000000130e+01,-1.682204999999999950e-01
5.151569279999999651e+01,-2.037155999999979983e-01
5.149213459999999998e+01,-1.926334000000000102e-01
5.152416329999999789e+01,-2.233420000000000127e-01
5.149119594999999805e+01,-1.945863761040300122e-01
5.152187630000000240e+01,-2.084876999999999980e-01
5.150723490000000027e+01,-2.054066831535119875e-01
5.150673210000000068e+01,-2.103419500000009990e-01
5.150673210000000068e+01,-2.103419500000009990e-01
5.150999660000000091e+01,-1.966269999999999962e-01
5.149885270000000048e+01,-1.796812000000000131e-01
5.148669220000000024e+01,-1.875287999999999955e-01
5.148709374999999966e+01,-1.586739012452610120e-01
5.151886290000000201e+01,-2.181058308695600079e-01
5.151214569999999782e+01,-2.042204999999999993e-01
5.138648404999999997e+01,-2.862679247718600273e-01
5.139378109999999822e+01,-2.848024000000000111e-01
5.142486989999999736e+01,-2.524940999999999991e-01
5.141749864999999886e+01,-3.055528050492620218e-01
5.136398200000000003e+01,-3.007318999999999964e-01
5.135674999999999812e+01,-3.080970000000000097e-01
5.141944989999999649e+01,-2.653984999999999816e-01
5.141944989999999649e+01,-2.653984999999999816e-01
5.140962749999999915e+01,-3.062620999999999816e-01
5.140999939999999668e+01,-2.873962999999999934e-01
5.138248399999999805e+01,-2.590896999999999784e-01
5.138248399999999805e+01,-2.590896999999999784e-01
5.140962749999999915e+01,-3.062620999999999816e-01
5.139375569999999982e+01,-3.033104999999999829e-01
5.137887580000000298e+01,-2.828604000000000118e-01
5.142701009999999684e+01,-2.987324000000000090e-01
5.149349680000000262e+01,-1.097695000000000060e-01
5.144601029999999753e+01,-1.242656000000000038e-01
5.145922075000000007e+01,-1.461289054165360035e-01
5.146229240000000260e+01,-1.388561000000000101e-01
5.146264229999999884e+01,-1.092771000000000020e-01
5.150130120000000034e+01,-1.172870000000000024e-01
5.142470420000000075e+01,-8.458849999999999703e-02
5.145544069999999692e+01,-1.001002000000000003e-01
5.143103080000000205e+01,-1.042958999999999969e-01
5.146804484999999829e+01,-1.366373978454969995e-01
5.148375215000000082e+01,-1.149618271160150057e-01
5.148375215000000082e+01,-1.149618271160150057e-01
5.142912524999999846e+01,-1.325481505317570030e-01
5.146727260000000115e+01,-1.209153000000000033e-01
5.144545020000000335e+01,-1.222890999999999978e-01
5.142976900000000029e+01,-1.311104999999999909e-01
5.144011404999999826e+01,-1.162151539886499968e-01
5.147006820000000005e+01,-1.132741000000000026e-01
5.147006820000000005e+01,-1.132741000000000026e-01
5.143986699999999956e+01,-1.050481000000000054e-01
5.147794209999999993e+01,-1.053523999999999988e-01
5.143299650000000156e+01,-1.933759999999999993e-02
5.146631750000000238e+01,8.562399999999999525e-03
5.145783279999999849e+01,-3.608680000000000221e-02
5.144051699999999983e+01,-5.978500000000000307e-03
5.145522650000000198e+01,-3.661760000000000015e-02
5.142611099999999880e+01,6.456599999999999839e-03
5.148152615000000054e+01,-3.167973114466479667e-02
5.143924940000000134e+01,-5.301789999999999975e-02
5.143189689999999814e+01,2.123440000000000050e-02
5.145602569999999787e+01,-1.919169999999999904e-02
5.145617870000000238e+01,1.251080000000000074e-02
5.146243249999999847e+01,-1.013310000000000079e-02
5.147637060000000275e+01,-3.262369999999999853e-02
5.143512100000000231e+01,-4.303060000000000218e-02
5.144972250000000003e+01,-1.729850000000000138e-02
5.142694329999999781e+01,-5.453870000000000245e-02
5.146865830000000130e+01,-4.679230000000000195e-02
5.143092570000000308e+01,-2.617799999999999988e-03
5.141178345000000149e+01,-1.940395833563040018e-01
5.162292500000000217e+01,-1.222315999999999958e-01
5.141798150000000334e+01,-1.782586999999999922e-01
5.139986259999999874e+01,-1.662482000000000126e-01
5.141741420000000318e+01,-2.075300999999999951e-01
5.141453880000000254e+01,-1.603294021247400059e-01
5.142345219999999983e+01,-1.665495999999999921e-01
5.141985170000000238e+01,-2.197679999999999911e-01
5.141985170000000238e+01,-2.197679999999999911e-01
5.140833580000000325e+01,-1.389892000000000072e-01
5.138977359999999805e+01,-2.163634999999999864e-01
5.141363979999999856e+01,-2.011370000000000102e-01
5.139899909999999750e+01,-1.282598000000000071e-01
5.139770670000000052e+01,-1.578960000000000086e-01
5.140487099999999998e+01,-2.344036999999999926e-01
5.138953730000000064e+01,-1.987934000000000090e-01
5.142167880000000224e+01,-1.970192000000000054e-01
5.141080285000000316e+01,-1.880977305567619884e-01
5.139775759999999849e+01,-2.383655000000000079e-01
5.143823874999999646e+01,-2.065310815893600105e-01
5.151607969999999881e+01,5.942569999999999797e-02
5.153042200000000150e+01,3.810700016417280234e-02
5.151817410000000308e+01,1.349760000000000022e-02
5.151817410000000308e+01,1.349760000000000022e-02
5.152999954999999943e+01,2.931796029382209914e-02
5.153296279999999996e+01,5.532009999999999705e-02
5.153296279999999996e+01,5.532009999999999705e-02
5.153296279999999996e+01,5.532009999999999705e-02
5.154952360000000056e+01,2.492480000000000043e-02
5.154952360000000056e+01,2.492480000000000043e-02
5.153918600000000083e+01,3.291170000000000206e-02
5.153918600000000083e+01,3.291170000000000206e-02
5.155029799999999796e+01,6.252249999999999475e-02
5.155255170000000220e+01,4.646683830791079745e-02
5.152937980000000096e+01,2.490969999999999990e-02
5.152937980000000096e+01,2.490969999999999990e-02
5.150368269999999882e+01,4.961779999999999663e-02
5.155067780000000255e+01,2.976799999999999932e-03
5.155067780000000255e+01,2.976799999999999932e-03
5.153432469999999910e+01,7.791199999999999862e-03
5.158638169999999690e+01,1.032088494204559947e-01
5.158581809999999734e+01,8.862449999999999495e-02
5.157625279999999890e+01,4.540969999999999729e-02
5.157004739999999998e+01,1.297841999999999885e-01
5.160111700000000212e+01,-1.918901000000000079e-01
5.158497555000000290e+01,6.006712396483999961e-02
5.155240789999999862e+01,7.361139999999999350e-02
5.155983140000000020e+01,6.991540000000000254e-02
5.159594770000000352e+01,9.113019999999999454e-02
5.159628210000000337e+01,6.068370000000000014e-02
5.156245659999999731e+01,1.042780999999999986e-01
5.160331630000000303e+01,9.335989999999999567e-02
5.154819429999999869e+01,8.405100000000000071e-02
5.144694630000000046e+01,1.433489999999999938e-02
5.161388060000000166e+01,2.781250000000000042e-02
5.157549850000000191e+01,8.996930000000000205e-02
5.161711830000000134e+01,4.387649999999999884e-02
5.156390580000000057e+01,9.688130000000000353e-02
5.158317339999999973e+01,2.287770000000000081e-02
5.156885694999999714e+01,7.113179188081210358e-02
5.157567389999999818e+01,2.779890000000000139e-02
5.147189620000000332e+01,-2.387440999999999869e-01
5.146237059999999985e+01,-2.670939999999999981e-01
5.143374819999999659e+01,-3.496847000000000150e-01
5.143374819999999659e+01,-3.496847000000000150e-01
5.141502719999999726e+01,-3.691408999999999940e-01
5.141502719999999726e+01,-3.691408999999999940e-01
5.141445190000000309e+01,-3.126743000000000161e-01
5.142031599999999969e+01,-3.734363999999990025e-01
5.148066289999999867e+01,-2.919291999999999998e-01
5.148066289999999867e+01,-2.919291999999999998e-01
5.146135309999999663e+01,-3.032767000000000102e-01
5.146135309999999663e+01,-3.032767000000000102e-01
5.146135309999999663e+01,-3.032767000000000102e-01
5.144674440000000004e+01,-3.281886999999999999e-01
5.142778440000000018e+01,-3.336529999999999774e-01
5.144674440000000004e+01,-3.281886999999999999e-01
5.144674440000000004e+01,-3.281886999999999999e-01
5.145116929999999655e+01,-3.579759000000000135e-01
5.147561900000000179e+01,-8.586958740689069891e-02
5.147432969999999841e+01,-9.298430000000000584e-02
5.147432969999999841e+01,-9.298430000000000584e-02
5.149856549999999800e+01,-9.097634066621129723e-02
5.150292220000000043e+01,-1.034579999999999944e-01
5.146156040000000331e+01,-8.038879999999999637e-02
5.149011420000000072e+01,-9.066029999999999922e-02
5.148555385000000229e+01,-8.623713024547829953e-02
5.149636120000000261e+01,-7.704640000000000100e-02
5.148194165000000311e+01,-6.240310000000529739e-02
5.148528865000000110e+01,-1.016126601391739992e-01
5.146688879999999955e+01,-5.235639999999999739e-02
5.147341219999999851e+01,-6.993209999999999704e-02
5.146978295000000259e+01,-6.957096682572720681e-02
5.150292220000000043e+01,-1.034579999999999944e-01
5.150077819999999917e+01,-5.190630000000000244e-02
5.148682029999999799e+01,-5.450850000000000140e-02
5.147457059999999984e+01,-9.254160000000000164e-02
5.149307865000000106e+01,-4.639640518134709873e-02
5.150292220000000043e+01,-1.034579999999999944e-01
5.150292220000000043e+01,-1.034579999999999944e-01
5.137198750000000302e+01,-1.323928000000000049e-01
5.137198750000000302e+01,-1.323928000000000049e-01
5.134378470000000050e+01,-2.011522000000000032e-01
5.136578829999999840e+01,-1.610856999999999983e-01
5.132718570000000113e+01,-1.699564000000000075e-01
5.135761550000000142e+01,-2.162414000000000003e-01
5.135462030000000055e+01,-2.236825000000000063e-01
5.138669469999999961e+01,-1.800574000000000063e-01
5.138352600000000336e+01,-2.141927999999999888e-01
5.136039800000000355e+01,-1.906995999999999969e-01
5.136039800000000355e+01,-1.906995999999999969e-01
5.136039800000000355e+01,-1.906995999999999969e-01
5.136039800000000355e+01,-1.906995999999999969e-01
5.136705870000000118e+01,-1.629560999999999926e-01
5.135794500000000085e+01,-1.495621000000000034e-01
5.135794500000000085e+01,-1.495621000000000034e-01
5.137080160000000006e+01,-1.515008999999999939e-01
5.137839979999999684e+01,-2.416022999999999921e-01
5.153034559999999686e+01,-5.616329999999999933e-02
5.153034559999999686e+01,-5.616329999999999933e-02
5.152830850000000140e+01,-1.948160000000000169e-02
5.152830850000000140e+01,-1.948160000000000169e-02
5.152830850000000140e+01,-1.948160000000000169e-02
5.152830850000000140e+01,-1.948160000000000169e-02
5.150361774999999653e+01,-1.943274745509010124e-02
5.148706099999999708e+01,-7.988223587078980073e-03
5.151329415000000012e+01,-2.715453937217720062e-02
5.151330740000000219e+01,-3.514919999999999850e-02
5.152533780000000263e+01,-3.343499999999999944e-02
5.151118110000000172e+01,-1.438829999999999970e-02
5.151683680000000010e+01,-4.165835977070059953e-02
5.151683680000000010e+01,-4.165835977070059953e-02
5.151683680000000010e+01,-4.165835977070059953e-02
5.151124999999999687e+01,-5.692409999999999831e-02
5.151124999999999687e+01,-5.692409999999999831e-02
5.151740230000000054e+01,-4.621890000000000026e-02
5.151740230000000054e+01,-4.621890000000000026e-02
5.151862270000000166e+01,-6.208070000000000255e-02
5.151862270000000166e+01,-6.208070000000000255e-02
5.155917000000000172e+01,5.255100000000000396e-03
5.159843399999999747e+01,-1.543229999999999949e-02
5.163088700000000131e+01,3.996200000000000099e-03
5.162541519999999906e+01,-3.455900000000000031e-03
5.155699909999999875e+01,-5.835199999999999589e-03
5.155699909999999875e+01,-5.835199999999999589e-03
5.160721970000000169e+01,-5.220000000000000166e-05
5.161876840000000044e+01,7.292800000000000324e-03
5.158188410000000346e+01,-3.223039999999999933e-02
5.159603990000000096e+01,-3.535569999999999685e-02
5.159603990000000096e+01,-3.535569999999999685e-02
5.161527480000000168e+01,-4.478316370009140061e-03
5.156214429999999993e+01,-4.582739999999999730e-02
5.156967339999999922e+01,-1.568100000000000049e-02
5.157107830000000348e+01,6.423700000000000070e-03
5.157107830000000348e+01,6.423700000000000070e-03
5.155699909999999875e+01,-5.835199999999999589e-03
5.159120430000000113e+01,-7.767600000000000372e-03
5.158663200000000160e+01,-2.345799999999999882e-03
5.144282849999999740e+01,-1.514426000000000105e-01
5.144272430000000185e+01,-1.493607000000000129e-01
5.144644819999999896e+01,-1.893941000000000097e-01
5.145893494999999973e+01,-2.109218049835870079e-01
5.145917519999999712e+01,-1.905396000000000034e-01
5.142438899999999791e+01,-1.537022000000000110e-01
5.142345219999999983e+01,-1.665495999999999921e-01
5.147202655000000249e+01,-1.654601576394829909e-01
5.145003410000000343e+01,-1.578458581209589984e-01
5.146071390000000179e+01,-1.671586999999999934e-01
5.147521609999999725e+01,-1.462934999999999930e-01
5.147521609999999725e+01,-1.462934999999999930e-01
5.147521609999999725e+01,-1.462934999999999930e-01
5.143451335000000313e+01,-1.722778580701189999e-01
5.144514199999999704e+01,-2.065451000000000092e-01
5.144514199999999704e+01,-2.065451000000000092e-01
5.142665879999999845e+01,-1.690767999999999993e-01
5.144612419999999986e+01,-1.635167999999999899e-01
5.145680769999999882e+01,-2.007921000000000011e-01
5.146255239999999986e+01,-2.167462000000000000e-01
5.153194940000000202e+01,-1.772180999999999895e-01
5.151241350000000097e+01,-1.876323000000000019e-01
5.151241350000000097e+01,-1.876323000000000019e-01
5.151547300000000007e+01,-1.570191999999999977e-01
5.152148300000000347e+01,-1.732489999999999863e-01
5.152004420000000096e+01,-1.905763000000000040e-01
5.150748889999999847e+01,-1.621950462692889894e-01
5.150175459999999816e+01,-1.608198999999999879e-01
5.151184580000000324e+01,-1.751080000000000136e-01
5.152119480000000351e+01,-1.824044999999999972e-01
5.152759199999999851e+01,-1.905915999999999999e-01
5.151922210000000035e+01,-1.516889999999999905e-01
5.151922210000000035e+01,-1.516889999999999905e-01
5.153029300000000035e+01,-1.537951030758419879e-01
5.150790820000000281e+01,-1.365726999999999913e-01
5.148738790000000165e+01,-1.330858000000000041e-01
5.149302060000000125e+01,-1.336977000000000027e-01
5.149240735000000058e+01,-1.397048026114129926e-01
5.151318779999999720e+01,-1.778569000000000122e-01
5.149732060000000189e+01,-1.371489999999999931e-01
